Title,Date Created,Latitude,Longitude,Northing,Easting,Description,Address,PlaceId,Type
,2020-07-29T11:25:39-07:00,47.52206094,-122.5335275,804680.8998,1137991.444,,,,
420138,2020-06-22T10:44:21-07:00,47.43458919,-122.5743696,773047.0219,1127063.818,,,,
420139,2020-06-22T11:41:23-07:00,47.43120234,-122.5636212,771742.2557,1129690.844,,,,
420140,2020-06-22T14:51:58-07:00,47.42976335,-122.5336802,771025.0667,1137085.768,,,,
420141,2020-06-23T13:42:32-07:00,47.44835361,-122.5744947,778066.9599,1127164.911,,,,
420142,2020-06-24T12:39:18-07:00,47.46050691,-122.5728609,782487.9983,1127685.532,,,,
420143 Need SSM NFB US Storms Drain DS Drains Into  Olalla ,2020-06-23T11:15:30-07:00,47.44714751,-122.5753836,777632.9487,1126933.473,,,,
420197,2020-07-15T13:13:22-07:00,47.51214453,-122.5061969,800891.8107,1144650.573,33 pass,,,
420198,2020-07-15T13:12:50-07:00,47.51285891,-122.5066336,801155.0623,1144549.317,67 pass,,,
420200,2020-07-15T15:06:05-07:00,47.51721472,-122.515153,802797.1411,1142485.111,Level T needed? Tidal influenced from sound to estuary. Large crossing structure upstream on Southworth rd,,,
420206,2020-07-28T11:25:30-07:00,47.52240564,-122.5224001,804735.9151,1140743.321,Level B complete,,,
420207,2020-07-29T09:51:43-07:00,47.52264102,-122.5298496,804869.0258,1138905.4,,,,
420214,2020-08-03T10:42:18-07:00,47.59924467,-122.7093764,833994.2988,1095343.804,Failed culverts downstream. Flagged off construction site,,,
420215,2020-08-03T11:36:19-07:00,47.61567041,-122.7137746,840014.4571,1094427.151,,,,
420216,2020-08-04T10:00:23-07:00,47.64602279,-122.774583,851509.1944,1079753.163,0 passable. Very steep culvert ,,,
420221,2020-08-10T12:20:00-07:00,47.66375432,-122.7436641,857756.8911,1087556.307,0 passable ,,,
420222,2020-08-11T10:16:50-07:00,47.63615937,-122.7532693,847761.6463,1084902.573,0 passable,,,
420223,2020-08-11T12:31:02-07:00,47.63555905,-122.7375822,847432.6403,1088762.772,,,,
420224,2020-08-18T09:59:10-07:00,47.65278046,-122.7151293,853556.3839,1094473.279,33 passable ,,,
420228,2020-08-10T14:17:20-07:00,47.66176735,-122.7460441,857049.0111,1086949.359,,,,
420229,2020-08-11T12:00:53-07:00,47.63627322,-122.7428354,847729.8492,1087475.409,0 passable,,,
420230,2020-08-11T13:57:08-07:00,47.65261602,-122.7352147,853636.0695,1089522.614,0 passable ,,,
420231,2020-08-18T12:18:28-07:00,47.65088245,-122.7181568,852885.2208,1093707.83,1.04% slope. 33 passable,,,
420233,2020-08-04T11:01:23-07:00,47.64809049,-122.7732966,852254.0498,1080091.9,,,,
420241,2020-08-26T11:31:18-07:00,47.89869255,-122.5663903,942246.9757,1133473.075,0 passable ,,,
420252,2020-09-22T13:33:49-07:00,47.78030979,-122.49127,898595.5417,1150807.946,,,,
Camp WesleyHarris. Permission Needed,2020-08-03T13:22:17-07:00,47.60434491,-122.7395524,836064.0589,1087953.899,Grate on outlet. Inlet photo at 1:35,,,
Double Culvert,2020-08-11T12:10:26-07:00,47.63659278,-122.7363459,847800.9522,1089078.194,,,,
DS On Private W/t Gate US Rd Ditch 0.7,2020-06-23T14:24:25-07:00,47.45153739,-122.5730509,779218.5253,1127552.556,,,,
DS Private RND CST 0.61 BF 4.2,2020-06-24T10:42:13-07:00,47.46158819,-122.5705162,782867.0535,1128275.723,,,,
DS Private W/t Fence US 15-20m Then Wetland Area,2020-06-23T14:47:38-07:00,47.45906777,-122.5730273,781964.3023,1127630.58,,,,
DS Private W/t Gate Culvert On Other Driveway Fish Use US ,2020-06-23T14:38:59-07:00,47.45818973,-122.5728762,781643.1437,1127659.522,,,,
FPDSI?,2020-08-03T10:33:38-07:00,47.5881693,-122.7094257,829955.9671,1095218.465,,,,
FPDSI?,2020-08-03T10:38:50-07:00,47.59114875,-122.7094122,831042.3384,1095252.238,,,,
Habitat Ends At Culvert,2020-09-01T11:32:53-07:00,47.87396781,-122.5521931,933138.202,1136720.569,Size shape material: PCC RND 0.31,,,
Needs A Site Number. (420221?)Landowner Contact,2020-07-28T14:18:22-07:00,47.52368244,-122.521957,805198.7127,1140864.722,Outlet is mostly buried and broken. Inlet not found. Underground on Private property.  Round PCC 0.53 m. 0.36 m of sediment at outlet. Tidally influence. ,,,
NFB,2020-06-24T11:36:51-07:00,47.41805265,-122.5665656,766966.3904,1128836.655,,,,
NFB,2020-07-15T14:04:56-07:00,47.51670883,-122.5173359,802626.4508,1141941.128,PVC Drainage pipe,,,
NFB,2020-07-28T10:32:27-07:00,47.51768132,-122.5179934,802985.2366,1141787.769,,,,
NFB,2020-07-28T10:34:26-07:00,47.51832503,-122.5183925,803222.4979,1141695.175,Scour too small upstream ,,,
NFB,2020-07-28T10:46:47-07:00,47.51900452,-122.5187883,803472.7867,1141603.736,,,,
NFB,2020-07-28T14:37:35-07:00,47.52051122,-122.5250113,804061.6391,1140080.579,,,,
NFB,2020-07-28T14:40:14-07:00,47.52011749,-122.5252112,803919.3284,1140027.514,,,,
NFB,2020-08-03T10:11:28-07:00,47.56705628,-122.6922594,822138.8526,1099239.305,Underground pipe on Private property connecting these 2 pipes,,,
NFB,2020-08-03T10:11:53-07:00,47.56707873,-122.6914866,822141.7388,1099430.267,Underground pipe on Private property connecting these 2 pipes,,,
NFB,2020-08-03T10:21:53-07:00,47.55800954,-122.6838861,818782.6067,1101214.427,Storm grate at inlet,,,
NFB,2020-08-03T10:36:48-07:00,47.58955264,-122.7095672,830461.3855,1095197.694,Storm drain grate leads to half culvert runoff ,,,
NFB,2020-08-11T14:47:34-07:00,47.65354808,-122.7352239,853976.0191,1089529.974,No scour,,,
NFB,2020-08-11T14:52:40-07:00,47.6592817,-122.7351548,856066.3662,1089606.278,"Habitat ends at outlet Round, CST, 0.46",,,
NFB,2020-08-12T10:20:46-07:00,47.62658257,-122.7324059,844123.1421,1089945.933,Road runoff drainage,,,
NFB,2020-08-25T14:33:39-07:00,47.90456506,-122.5758794,944449.9828,1131202.042,,,,
NFB,2020-08-25T14:33:50-07:00,47.90555672,-122.5742077,944800.8871,1131621.525,,,,
NFB,2020-08-26T10:54:33-07:00,47.9017103,-122.574413,943399.3039,1131534.266,,,,
NFB,2020-08-26T11:28:15-07:00,47.89961301,-122.5664999,942583.4017,1133454.99,,,,
NFB,2020-08-26T13:56:55-07:00,47.91857375,-122.5638469,949481.9678,1134286.659,,,,
NFB,2020-08-26T13:57:07-07:00,47.89021671,-122.5786634,939234.713,1130381.325,Two culverts. One PVC one CST. Flow directly into another pipe on Private property with no visible outlet. No suitable habitat upstream. No scour,,,
NFB,2020-08-26T14:24:21-07:00,47.87937521,-122.5731758,935245.0903,1131623.534,,,,
NFB,2020-09-01T11:27:17-07:00,47.87399361,-122.5507204,933138.2089,1137082.195,No scour. Vegetation in bed. Right next to storm water retention facility ,,,
NFB,2020-09-22T13:26:35-07:00,47.7474682,-122.4779267,886535.2207,1153787.639,,,,
NFB,2020-09-22T14:33:35-07:00,47.7720713,-122.5198318,895769.4335,1143709.783,"Storm water retention pond upstream. Storm grate on outlet of pipe, couldnâ€™t get measurements",,,
NFB ,2020-06-23T10:59:15-07:00,47.44458574,-122.576208,776704.1777,1126704.945,,,,
NFB ,2020-08-11T15:04:30-07:00,47.66051443,-122.7352482,856516.5479,1089596.013,"Habitat ends at outlet Round, PCC, 0.46",,,
NFB ,2020-08-12T09:45:41-07:00,47.63143589,-122.7324364,845893.1512,1089988.512,No Scour,,,
NFB ,2020-10-07T14:46:19-07:00,47.76980413,-122.5913028,895400.6253,1126116.13,Scour too small upstream,,,
NFB beyond Site,2020-08-03T11:30:39-07:00,47.61495792,-122.7102636,839730.3584,1095285.573,Upstream inlet has storm drain on top of PCC culvert through drainage ditch. Scour too small. Outlet Is Round CAL 0.71. ,,,
NFB beyond Site,2020-08-10T15:02:22-07:00,47.64705859,-122.7620344,851797.9557,1082856.257,"Two culverts have outlets at same location. Inlets are located at separate drainage. Round, CST, 0.38",,,
NFB Beyond Site,2020-08-10T15:15:30-07:00,47.64655589,-122.762441,851617.5155,1082750.802,"Two culverts have outlets at same location. Inlets are located at separate drainage ditches. Round, CST, 0.46",,,
NFB Culvert PCC RND .3 No U/S D|S <.61 Wetland,2020-06-22T10:04:23-07:00,47.4357754,-122.5758031,773488.9,1126720.55,,,,
NFB Storm Drain,2020-08-25T14:04:30-07:00,47.90572949,-122.5806879,944905.7641,1130033.986,,,,
NFB US DS Private Unknown ,2020-06-22T15:20:21-07:00,47.4269466,-122.5522837,770117.21,1132455.748,,,,
No Site,2020-07-15T10:35:52-07:00,47.51230922,-122.5079062,800962.6146,1144229.791,,,,
No Site,2020-08-03T13:47:18-07:00,47.59329542,-122.7329401,831988.6023,1089470.54,,,,
No Site,2020-08-11T12:21:55-07:00,47.63671349,-122.7379122,847855.9216,1088693.389,,,,
No Site,2020-08-26T11:15:12-07:00,47.90319547,-122.574248,943939.9243,1131588.987,,,,
No Site,2020-08-26T11:28:26-07:00,47.89968142,-122.5676821,942615.9536,1133165.689,,,,
No Site,2020-09-09T13:12:27-07:00,47.79308488,-122.5851286,903851.0142,1127858.657,,,,
No Site,2020-09-22T14:15:07-07:00,47.76831437,-122.4976933,894260.5885,1149118.095,,,,
No Site,2020-09-22T14:23:32-07:00,47.77295347,-122.5039781,895991.7273,1147615.798,,,,
No Site,2020-09-22T14:29:14-07:00,47.77299531,-122.5101404,896045.547,1146101.122,,,,
No Site,2020-09-22T14:41:52-07:00,47.76657047,-122.5175802,893749.0547,1144212.049,,,,
No Site,2020-10-07T14:53:20-07:00,47.76636546,-122.5974208,894186.4907,1124578.572,,,,
No Site,2020-10-07T15:07:30-07:00,47.75140865,-122.5982899,888737.4534,1124219.739,,,,
No Site?,2020-07-15T12:17:18-07:00,47.51771539,-122.5105322,802950.581,1143631.271,,,,
No Site/NFB,2020-08-03T11:24:45-07:00,47.61118164,-122.7105954,838355.6042,1095165.163,Storm drains only,,,
Nothing,2020-06-23T10:44:55-07:00,47.442054,-122.5771271,775786.9789,1126453.271,,,,
Nothing,2020-06-23T10:50:17-07:00,47.44076008,-122.5771587,775315.3646,1126433.035,,,,
Nothing,2020-06-23T14:18:19-07:00,47.44980452,-122.5731788,778587.4707,1127504.317,,,,
Nothing,2020-06-23T14:19:14-07:00,47.44923397,-122.5736282,778382.344,1127387.674,,,,
Nothing ,2020-06-24T10:09:33-07:00,47.45640797,-122.5731229,780995.0333,1127581.428,,,,
Nothing NFB,2020-06-24T11:02:29-07:00,47.44712593,-122.5661854,777565.333,1129208.513,,,,
Private Property,2020-08-11T12:13:47-07:00,47.63657725,-122.7352017,847787.2938,1089360.026,,,,
Private Road,2020-08-10T15:01:13-07:00,47.66076388,-122.7444874,856672.1672,1087322.445,,,,
Private Road,2020-08-11T14:44:59-07:00,47.65039902,-122.7392958,852856.1485,1088494.095,,,,
Railroad ,2020-08-12T09:41:26-07:00,47.67263872,-122.7206242,860836.0646,1093323.285,,,,
Railroad ,2020-08-12T09:41:51-07:00,47.66724476,-122.7176668,858848.5726,1093996.387,,,,
Railroad ,2020-08-12T09:42:02-07:00,47.66497543,-122.7129956,857988.6999,1095123.799,,,,
Railroad Crossing,2020-08-03T09:52:30-07:00,47.549987,-122.721046,816113.4141,1091959.65,,,,
Recheck With Trimmers,2020-06-22T15:10:26-07:00,47.42898337,-122.5458806,770818.737,1134059.5,,,,
Ryan Did This,2020-07-15T07:43:02-07:00,47.51053776,-122.5136892,800353.0602,1142784.531,,,,
Ryan Did This,2020-07-15T07:43:14-07:00,47.51235634,-122.51287,801011.0617,1143003.875,,,,
Total Debris Barrier 420199,2020-07-15T11:42:46-07:00,47.51825745,-122.5076022,803129.8132,1144360.12,Outlet not found. Slope not measured,,,
US Private Possible Garbage People,2020-06-24T11:23:27-07:00,47.41812185,-122.5482006,766873.0412,1133382.553,,,,
420110 Submerged Pipe,2020-07-22T15:09:23-07:00,47.52211726,-122.5334828,804701.1531,1138003.018,,,,
420111,2020-07-22T15:07:53-07:00,47.52213897,-122.5340576,804712.7318,1137861.235,,,,
420203,2020-07-21T10:18:10-07:00,47.52120789,-122.5788304,804661.6101,1126792.784,0 passable ,,,
420204,2020-07-21T11:00:13-07:00,47.52425532,-122.5769314,805760.5204,1127291.15,Level B complete ,,,
420205,2020-07-22T11:41:15-07:00,47.53007129,-122.5630278,807791.2271,1130780.846,0 passable ,,,
420208,2020-07-21T14:46:48-07:00,47.51462665,-122.5592562,802134.8392,1131565.288,0 passable. Water surface drop 1.2 meters,,,
420209,2020-07-22T14:02:05-07:00,47.53207582,-122.5569547,808483.0188,1132299.846,,,,
420212,2020-07-22T16:05:52-07:00,47.52223396,-122.5412443,804793.2399,1136086.908,0 passable ,,,
420213,2020-07-22T16:05:17-07:00,47.52373717,-122.5256608,805242.1465,1139950.365,"Tidal, unknown pass ability ",,,
420219,2020-08-10T10:08:14-07:00,47.67971816,-122.7416397,863564.1382,1088220.47,0 passable ,,,
420227,2020-08-10T11:12:30-07:00,47.67981891,-122.7388768,863581.5484,1088901.945,,,,
420236,2020-08-25T11:12:36-07:00,47.90163018,-122.5351135,943118.937,1141172.081,33 passable ,,,
420247,2020-09-21T11:18:03-07:00,47.79860743,-122.5044325,905350.9455,1147741.877,0 passable,,,
420249,2020-09-21T13:23:15-07:00,47.80937006,-122.5147828,909341.0772,1145298.691,0 passable,,,
420250,2020-09-21T13:42:38-07:00,47.80947663,-122.5129531,909368.4679,1145749.225,,,,
420251,2020-09-21T14:35:20-07:00,47.78440463,-122.5020264,900155.9349,1148201.658,,,,
420258,2020-10-05T14:35:02-07:00,47.76781355,-122.554872,894439.1773,1135054.342,,,,
420260,2020-10-06T11:18:00-07:00,47.77259177,-122.5552323,896184.1297,1135011.173,0 passable ,,,
420266,2020-10-05T13:17:06-07:00,47.75621063,-122.5492709,890171.7007,1136321.573,0 passable,,,
420267,2020-10-05T14:07:19-07:00,47.76329373,-122.5519792,892772.257,1135722.732,0 passable,,,
Habitat Ends At Outlet,2020-09-21T14:30:48-07:00,47.78560734,-122.4992771,900577.4379,1148888.58,"RND, pcc, 0.38  Segmented culvert goes underground multiple yards before emerging back into channel",,,
Habitat Ends At outlet ,2020-09-21T11:48:11-07:00,47.80609078,-122.5036838,908075.5833,1147995.21,"0.38, RND, pcc",,,
Landowner Permission Needed,2020-07-22T15:07:38-07:00,47.52222293,-122.5383364,804770.6377,1136805.095,,,,
NFB,2020-07-21T15:06:46-07:00,47.51137252,-122.5628606,800971.466,1130643.787,,,,
NFB,2020-07-22T11:31:37-07:00,47.53022734,-122.5650198,807861.0064,1130290.379,,,,
NFB,2020-07-22T13:55:30-07:00,47.53087667,-122.5570139,808046.118,1132273.806,,,,
NFB,2020-07-22T15:28:17-07:00,47.52269452,-122.5285849,804880.4994,1139218.302,,,,
NFB,2020-07-22T15:32:47-07:00,47.52303001,-122.5280002,804999.123,1139365.872,,,,
NFB,2020-07-22T15:34:52-07:00,47.52344072,-122.5271958,805143.7852,1139568.419,,,,
NFB,2020-07-22T15:36:24-07:00,47.52378677,-122.5264592,805265.3008,1139753.604,,,,
NFB,2020-08-10T11:40:21-07:00,47.67122187,-122.7474084,860506.2887,1086711.514,Scour too small ,,,
NFB,2020-08-10T11:49:53-07:00,47.67145186,-122.7442079,860567.7073,1087502.222,No usable channel upstream. Outlet flows directly into second culvert that goes underground and disappears onto Private property. Connected by drainage ditches,,,
NFB,2020-08-10T11:55:42-07:00,47.6721043,-122.744529,860807.8786,1087429.906,Scour too small,,,
NFB,2020-08-10T12:01:28-07:00,47.6705197,-122.7353119,860165.5464,1089683.745,,,,
NFB,2020-08-25T10:22:21-07:00,47.90420511,-122.5304225,944028.4498,1142346.782,,,,
NFB,2020-08-25T10:56:20-07:00,47.90242778,-122.5428556,943458.9449,1139280.775,,,,
NFB,2020-08-25T11:40:46-07:00,47.88999684,-122.5391206,938901.2606,1140079.565,,,,
NFB,2020-09-21T12:52:35-07:00,47.79948778,-122.4965522,905622.9004,1149686.529,Storm drain hurried,,,
NFB,2020-09-21T14:34:58-07:00,47.78520518,-122.5008189,900440.3757,1148505.874,,,,
NFB,2020-09-21T14:39:00-07:00,47.78703134,-122.4997405,901099.6814,1148787.84,,,,
NFB,2020-09-21T14:43:58-07:00,47.78844641,-122.5038401,901641.3552,1147793.296,,,,
NFB Drainage Into Ravine,2020-08-25T11:37:43-07:00,47.89525994,-122.5381271,940814.5817,1140372.912,,,,
No Site,2020-06-01T10:48:28-07:00,47.40636298,-122.7620463,764031.9455,1080335.677,,,,
No Site,2020-06-01T10:48:40-07:00,47.40627382,-122.7611058,763992.7598,1080567.53,,,,
No Site,2020-06-01T10:48:51-07:00,47.40623941,-122.7587298,763963.3567,1081155.326,,,,
No Site,2020-08-25T11:40:34-07:00,47.89583421,-122.5387536,941028.0107,1140224.643,,,,
No Site,2020-09-21T14:23:18-07:00,47.79484707,-122.5224493,904092.5286,1143279.283,,,,
No Site,2020-10-05T14:00:07-07:00,47.76233298,-122.5513167,892417.6291,1135876.527,,,,
Placemark 4,2020-06-01T11:19:07-07:00,47.41316279,-122.7586657,766487.2787,1081243.498,,,,
Placemark 5,2020-06-01T11:19:14-07:00,47.41977775,-122.7532529,768860.8887,1082652.092,,,,
Placemark 6,2020-06-01T11:19:21-07:00,47.41965564,-122.7466836,768769.9771,1084276.519,,,,
Placemark 7,2020-06-03T09:38:52-07:00,47.43994479,-122.7272837,776031.6893,1089286.398,,,,
Placemark 8,2020-06-08T10:06:40-07:00,47.42403849,-122.6934498,769997.1922,1097494.939,,,,
Placemark 9,2020-06-08T10:06:47-07:00,47.42716752,-122.6899753,771114.2256,1098386.402,,,,
Placemark 10,2020-06-08T10:06:51-07:00,47.42516962,-122.6879001,770371.4812,1098879.679,,,,
Placemark 11,2020-06-08T10:48:26-07:00,47.42406553,-122.6756625,769885.1133,1101896.803,,,,
Placemark 12,2020-07-21T09:37:33-07:00,47.51599658,-122.5853831,802804.0118,1125123.917,,,,
Placemark 17,2020-07-21T14:59:21-07:00,47.51381499,-122.5603039,801845.62,1131298.712,,,,
Placemark 20,2020-07-22T13:28:22-07:00,47.5314057,-122.5569103,808238.3661,1132304.427,,,,
Possible Landowner Denial,2020-07-22T15:17:42-07:00,47.52211502,-122.5325171,804694.1871,1138241.541,,,,
Private Driveway,2020-09-21T13:31:57-07:00,47.80954854,-122.5106836,909380.4689,1146307.481,,,,
Private Road,2020-08-10T11:57:10-07:00,47.66544423,-122.7467563,858394.8272,1086812.111,,,,
420182,2020-07-06T11:07:57-07:00,47.46701699,-122.5728782,784862.0031,1127743.651,0 passable ,,,
420183,2020-07-06T11:58:14-07:00,47.46788325,-122.5733285,785180.8127,1127640.615,33 passable,,,
420184,2020-07-06T12:41:35-07:00,47.46854948,-122.5732156,785423.0173,1127674.917,33 passable,,,
420185,2020-07-06T13:43:48-07:00,47.46881836,-122.5722915,785515.0591,1127905.98,LevelB complete,,,
420186,2020-07-07T11:15:21-07:00,47.46294405,-122.5363255,783141.3075,1136743.642,0 passable ,,,
420187,2020-07-07T11:49:28-07:00,47.46081519,-122.545713,782425.0991,1134402.064,"Total barrier, large plunge pool. Slope not taken for safety reasons.",,,
420188,2020-07-07T13:03:06-07:00,47.45409028,-122.5513265,780008.9207,1132950.075,"NFB, end of fish use size, shape, material taken",,,
420189,2020-07-07T13:38:05-07:00,47.48688481,-122.5242353,791794.4797,1139957.516,,,,
420190,2020-07-08T08:52:28-07:00,47.50848117,-122.5180922,799630.904,1141677.492,0 pass ability ,,,
420191,2020-07-08T11:44:38-07:00,47.5088321,-122.5136058,799730.5399,1142789.259,0 passable,,,
420192,2020-07-08T13:14:39-07:00,47.48499872,-122.5859208,791504.0601,1124692.08,,,,
420193,2020-07-16T09:00:48-07:00,47.50114567,-122.5876608,797403.4516,1124417.872,,,,
420194,2020-07-13T13:06:04-07:00,47.48315276,-122.5965336,790900.5024,1122050.891,0 pass ,,,
420195 Need Pictures,2020-07-14T09:16:09-07:00,47.49073959,-122.6013463,793698.6935,1120934.968,0 passable ,,,
420196,2020-07-14T13:51:45-07:00,47.46863621,-122.6165543,785739.3113,1116959.909,33 passable,,,
420201 Level B Needed Pending Landowner Permission ,2020-07-13T14:36:36-07:00,47.46612395,-122.5983105,784702.6764,1121446.434,0% slope,,,
420202,2020-07-07T09:53:14-07:00,47.47405314,-122.5694364,787405.3822,1128662.03,End of Fish use Road impounded swale upstream ,,,
420217,2020-08-05T10:04:09-07:00,47.69896448,-122.7407194,870576.1896,1088646.561,,,,
420218,2020-08-05T12:26:45-07:00,47.67064483,-122.7230336,860125.6829,1092709.341,Double culvert. Level B complete,,,
420220,2020-08-05T15:24:30-07:00,47.65578015,-122.7858907,855147.828,1077069.837,Bridge,,,
420225,2020-08-18T14:43:12-07:00,47.64952238,-122.7191571,852396.1867,1093447.399,0 passable ,,,
420226,2020-08-19T13:21:51-07:00,47.64926689,-122.8081695,852932.6532,1071511.381,,,,
420232,2020-08-12T13:33:35-07:00,47.65397096,-122.7932291,854540.598,1075242.645,"Bridge, not a barrier",,,
420234,2020-08-04T11:38:00-07:00,47.64892354,-122.7728976,852554.9925,1080198.973,0 passable total debris barrier,,,
420235,2020-08-19T13:55:59-07:00,47.64609741,-122.8139466,851818.6234,1070053.971,,,,
420237,2020-08-26T14:33:20-07:00,47.87612617,-122.5715681,934049.7189,1131986.877,0 passable,,,
420238,2020-08-27T12:29:53-07:00,47.84701377,-122.5682958,923410.6958,1132511.343,0 passable ,,,
420239,2020-09-01T13:23:18-07:00,47.86277913,-122.5150552,928822.3377,1145729.514,Level T pass ability unknown,,,
420240,2020-09-01T15:05:25-07:00,47.85680397,-122.5394943,926797.2468,1139674.803,0 pass ability ,,,
420242,2020-08-20T14:00:53-07:00,47.63442487,-122.8347446,847713.3565,1064802.957,LevelB complete,,,
420243,2020-08-27T11:50:21-07:00,47.84970172,-122.569417,924398.2653,1132261.811,,,,
420244,2020-09-01T13:39:17-07:00,47.87112208,-122.5253665,931930.0858,1143276.859,0 passable,,,
420245,2020-08-04T14:32:08-07:00,47.64648892,-122.7659862,851618.1807,1081876.512,33 passable crushed outlet,,,
420246,2020-09-02T12:37:04-07:00,47.82399429,-122.5465873,914875.9844,1137623.139,0 pass ability ,,,
420248,2020-09-02T11:21:58-07:00,47.85976417,-122.5391648,927874.8149,1139783.594,0 pass ability ,,,
420253,2020-09-28T11:40:09-07:00,47.75035311,-122.5260029,887887.5703,1141989.057,67 passable ,,,
420254,2020-09-28T13:58:57-07:00,47.74827489,-122.5343725,887182.6328,1139910.929,33 passable ,,,
420256,2020-09-28T11:12:49-07:00,47.7476853,-122.5268247,886919.8004,1141761.934,0 passable,,,
420257,2020-09-28T12:00:28-07:00,47.75102421,-122.5258366,888131.2726,1142036.246,,,,
420259,2020-10-07T12:02:08-07:00,47.76586149,-122.5618778,893772.2155,1133313.171,0 passable,,,
420261,2020-10-06T12:51:49-07:00,47.77213083,-122.5589165,896039.6506,1134101.004,0 passable ,,,
420262,2020-10-07T11:25:39-07:00,47.76836434,-122.5608688,894678.5305,1133585.118,0 passability,,,
420265,2020-09-28T14:49:39-07:00,47.75640117,-122.5330893,890138.1856,1140302.948,0 passable,,,
420268,2020-10-07T12:37:56-07:00,47.76234966,-122.5618964,892491.56,1133275.1,0 passable ,,,
420414,2020-10-07T12:26:55-07:00,47.76124262,-122.5621716,892089.5883,1133196.877,0 passable ,,,
Active Construction Visit Later,2020-08-27T11:12:20-07:00,47.86412217,-122.5655445,929632.7916,1133350.251,,,,
Buried Culvert,2020-07-08T12:57:36-07:00,47.492965,-122.5455217,794147.4283,1134753.475,,,,
Habitat Ends At Culvert,2020-09-01T11:50:14-07:00,47.87094671,-122.5227616,931849.7144,1143914.472,"Size shape material 0.38, round, pvc Upstream end has0.78 WSD that is result from digging out channel upstream",,,
Habitat Ends At Outlet,2020-08-27T14:15:40-07:00,47.83880937,-122.5588304,920357.5784,1134757.071,Size shape material: 0.36 Round PCC 2 pvc pipes at inlet for road run off 0.16 round,,,
Habitat Ends At Outlet,2020-10-07T10:58:40-07:00,47.77813325,-122.5549629,898203.4183,1135130.072,Spring fed swale at inlet but channel scour is too small.  0.46 RND PCC,,,
Landowner Contact,2020-08-19T13:47:35-07:00,47.64552905,-122.815096,851619.6883,1069764.658,,,,
Landowner Contact?,2020-08-12T11:44:46-07:00,47.63675692,-122.7023761,847625.1679,1097452.43,,,,
Landowner Contact. Outlet On Private Property,2020-08-19T14:23:15-07:00,47.64221569,-122.8229616,850468.4809,1067790.819,Culvert goes into different culvert immediately after entering Private property,,,
Landowner Permission,2020-08-04T13:48:56-07:00,47.64147069,-122.8268392,850224.9946,1066827.216,Tide gate. Leads to swimming lagoon,,,
Landowner Permission Needed,2020-08-04T14:29:07-07:00,47.65953003,-122.7728353,856422.268,1080325.821,Jonhsoncreek possible land owner denial?,,,
Landowner Permission/NFB,2020-08-18T14:51:41-07:00,47.65703226,-122.7223267,855156.755,1092743.548,,,,
NFB,2020-06-30T09:51:20-07:00,47.46759753,-122.5638606,785015.2132,1129978.945,Private road. Storm water drain. NFB,,,
NFB,2020-06-30T10:31:57-07:00,47.46904853,-122.5630862,785539.3107,1130184.282,NFB,,,
NFB,2020-06-30T11:12:40-07:00,47.46659064,-122.5876065,784802.6053,1124097.719,,,,
NFB,2020-06-30T11:14:29-07:00,47.46468187,-122.5873321,784104.7816,1124147.136,NFB. Outlet on Private property ,,,
NFB,2020-06-30T13:55:13-07:00,47.49671047,-122.6317634,796077.7305,1113476.104,NFB,,,
NFB,2020-06-30T14:04:28-07:00,47.48860387,-122.6255701,793080.3691,1114926.946,NFB,,,
NFB,2020-07-07T12:36:59-07:00,47.46155527,-122.5504546,782725.4218,1133236.495,NFB,,,
NFB,2020-07-07T12:48:35-07:00,47.46150943,-122.5539701,782731.3287,1132366.71,NFB,,,
NFB,2020-07-08T10:44:27-07:00,47.50848265,-122.5146925,799609.9674,1142517.504,NFB,,,
NFB,2020-07-08T13:06:20-07:00,47.49058812,-122.5439333,793270.5018,1135123.59,,,,
NFB,2020-07-08T14:25:35-07:00,47.4896336,-122.5863201,793196.7863,1124638.098,,,,
NFB,2020-07-08T14:25:50-07:00,47.48872342,-122.586595,792866.6844,1124561.387,,,,
NFB,2020-07-13T12:34:32-07:00,47.51041834,-122.5876191,800784.4937,1124517.681,NFB. No scour. Weird large metal trap located next to outlet. Pictures 1252,,,
NFB,2020-07-13T14:13:29-07:00,47.48287391,-122.6144427,790917.0186,1117621.207,,,,
NFB,2020-07-13T14:34:30-07:00,47.48372892,-122.6136845,791223.7702,1117816.999,,,,
NFB,2020-07-14T12:28:53-07:00,47.46835572,-122.6073907,785576.3516,1119222.923,"Pcc, round, 0.46",,,
NFB,2020-07-14T13:34:22-07:00,47.4694592,-122.6156034,786033.1025,1117203.063,,,,
NFB,2020-07-14T13:46:15-07:00,47.46871501,-122.6129175,785743.9335,1117859.881,,,,
NFB,2020-08-04T12:09:18-07:00,47.65103152,-122.7726351,853321.8127,1080285.824,Not enough scour ,,,
NFB,2020-08-04T14:08:43-07:00,47.65479341,-122.7710635,854682.4507,1080712.562,Scour too small upstream,,,
NFB,2020-08-05T11:38:20-07:00,47.69975922,-122.7411673,870869.1385,1088544.519,Scour of 0.55. Outlet on Private property,,,
NFB,2020-08-05T11:43:35-07:00,47.6945716,-122.7406557,868973.7978,1088616.721,,,,
NFB,2020-08-05T11:55:41-07:00,47.68677095,-122.7313932,866064.4879,1090816.662,,,,
NFB,2020-08-05T12:08:28-07:00,47.68369136,-122.7285423,864921.6064,1091486.931,,,,
NFB,2020-08-12T10:30:09-07:00,47.62678897,-122.7297426,844179.8319,1090604.615,Storm water retention. No anadromous access,,,
NFB,2020-08-12T10:38:31-07:00,47.62488387,-122.7246494,843449.6599,1091840.56,,,,
NFB,2020-08-12T11:15:33-07:00,47.62633418,-122.7070675,843856.7351,1096189.747,Drainage pipe completely underground,,,
NFB,2020-08-12T11:29:10-07:00,47.62580421,-122.7078675,843668.996,1095987.119,,,,
NFB,2020-08-12T11:37:46-07:00,47.63040104,-122.7055186,845329.0737,1096613.073,,,,
NFB,2020-08-12T11:40:31-07:00,47.62993168,-122.7056116,845158.5571,1096585.344,Heavily manufactured channel with scour of 0.45,,,
NFB,2020-08-19T10:34:22-07:00,47.64621072,-122.7072513,851106.2092,1096347.333,Storm drain. Outfall to stream ,,,
NFB,2020-08-19T13:39:25-07:00,47.64890722,-122.8083007,852802.4476,1071475.218,No scour,,,
NFB,2020-08-19T14:27:10-07:00,47.64183939,-122.8235644,850335.6417,1067638.209,,,,
NFB,2020-08-20T10:07:45-07:00,47.51765418,-122.5823805,803388.8616,1125881.648,Drainage ditch,,,
NFB,2020-08-25T11:52:23-07:00,47.90112664,-122.536242,942942.4213,1140890.554,,,,
NFB,2020-08-25T11:57:21-07:00,47.90052809,-122.5380348,942735.4694,1140445.217,,,,
NFB,2020-08-25T12:07:35-07:00,47.91250761,-122.5517683,947192.153,1137190.539,,,,
NFB,2020-08-25T13:23:38-07:00,47.9171835,-122.5729372,949033.3565,1132044.584,,,,
NFB,2020-08-25T13:31:23-07:00,47.91650328,-122.5749459,948798.2103,1131545.542,,,,
NFB,2020-08-25T13:31:35-07:00,47.91396129,-122.573991,947864.9023,1131755.295,,,,
NFB,2020-08-25T13:37:39-07:00,47.91867751,-122.5748246,949590.4412,1131596.162,,,,
NFB,2020-08-25T13:42:29-07:00,47.91866629,-122.5664759,949532.6003,1133642.965,,,,
NFB,2020-08-25T13:58:26-07:00,47.90351931,-122.5794805,944091.8344,1130308.83,,,,
NFB,2020-08-25T14:00:27-07:00,47.90436826,-122.5802658,944406.5524,1130124.397,,,,
NFB,2020-08-27T10:54:58-07:00,47.87159599,-122.5579222,932309.77,1135292.155,Storm water drainage and retention pond upstream. No defined channel,,,
NFB,2020-08-27T11:01:18-07:00,47.87059532,-122.5589885,931951.6335,1135020.939,Scour too small,,,
NFB,2020-09-02T12:00:54-07:00,47.83088814,-122.5415542,917358.2555,1138924.454,,,,
NFB,2020-09-28T14:52:30-07:00,47.75703162,-122.5361197,890387.3414,1139563.631,No habitat downstream of pipe,,,
NFB,2020-10-06T14:13:18-07:00,47.76979769,-122.5766167,895302.8535,1129726.872,No scour,,,
NFB,2020-10-06T14:13:31-07:00,47.76746729,-122.5803631,894477.2289,1128783.355,,,,
NFB,2020-10-07T10:54:26-07:00,47.77922143,-122.5547207,898598.7373,1135199.952,No upstream habitat ,,,
NFB ,2020-07-08T10:31:37-07:00,47.50862214,-122.5171688,799676.4731,1141906.963,NFB,,,
NFB ,2020-07-14T14:19:07-07:00,47.46492576,-122.6166325,784386.8376,1116904.244,,,,
NFB ,2020-09-28T14:40:05-07:00,47.75638664,-122.5376898,890162.0878,1139171.405,"Drainage ditch, scour too small",,,
NFB ,2020-10-05T11:24:21-07:00,47.76262601,-122.5378275,892438.4984,1139196.351,No scour upstream,,,
NFB ,2020-10-05T11:25:07-07:00,47.76242631,-122.5381196,892367.5219,1139122.627,No scour upstream,,,
NFB ,2020-10-05T11:26:11-07:00,47.76342783,-122.5382136,892733.3783,1139108.949,Storm drain and runoff,,,
NFB ,2020-10-05T11:26:21-07:00,47.76514011,-122.5381978,893357.7582,1139128.974,Storm runoff and drain,,,
NFB ,2020-10-06T14:20:44-07:00,47.78059558,-122.5802693,899264.5542,1128932.723,No scour,,,
NFB ,2020-10-06T14:24:02-07:00,47.77960864,-122.5802967,898904.79,1128916.477,No scour,,,
NFB ,2020-10-07T10:54:55-07:00,47.78001668,-122.5542535,898885.7788,1135322.367,No upstream habitat. Drainage ditch,,,
NFB ,2020-10-07T11:10:08-07:00,47.77641012,-122.5553833,897577.6757,1135010.347,"Channel DS is heavily manufactured and scour is too small. No US habitat, drainage ditch",,,
NFB Due To No Downstream Access,2020-08-12T11:38:56-07:00,47.62836989,-122.7116841,844630.9621,1095072.5,,,,
NFB due To No Downstream access ,2020-08-12T11:38:27-07:00,47.62718228,-122.7116955,844197.968,1095057.542,,,,
NFB Due To No Downstream Access ,2020-08-12T11:41:45-07:00,47.63082044,-122.7115726,845523.805,1095125.042,,,,
NFB Habitat Ends At Culvert,2020-08-05T11:48:52-07:00,47.69397611,-122.7390207,868745.2095,1089013.088,"Pcc, round, 0.31",,,
NFB Habitat Ends At Outlet,2020-08-19T13:06:14-07:00,47.64984641,-122.8068959,853134.7929,1071831.381,No scour upstream habitat ends at outlet Round PCC 0.46,,,
NFB No Downstream Access,2020-08-19T10:30:46-07:00,47.65612976,-122.7254527,854849.3681,1091964.089,,,,
NFB Storm Ditch ,2020-08-25T13:51:58-07:00,47.90427108,-122.5773572,944352.3036,1130836.801,,,,
NFB Upstream. Habitat Ends At Outlet,2020-10-06T14:39:26-07:00,47.78387523,-122.5808287,900464.2873,1128826.759,"Scour too small. average 0.5 m 0.38, RND, pCC",,,
NFB. End Of Habitat Use,2020-07-14T13:57:46-07:00,47.46717364,-122.6163665,785204.7486,1116992.011,,,,
NFB. Habitat Ends At Culvert,2020-07-14T13:33:26-07:00,47.47075411,-122.6154789,786504.4555,1117246.512,PCC round .38,,,
NFB. Storm Drain,2020-08-19T13:44:33-07:00,47.64633027,-122.8132082,851898.2004,1070238.408,,,,
NFB/ Wetland No Scour,2020-08-19T10:03:47-07:00,47.66209607,-122.7249791,857021.7688,1092142.178,,,,
No downstream Access,2020-08-12T11:08:45-07:00,47.63918901,-122.7108977,848570.828,1095376.969,,,,
No Downstream Access,2020-08-12T11:09:00-07:00,47.63561994,-122.7216552,847343.8492,1092689.006,,,,
No Site,2020-06-30T13:25:29-07:00,47.49935252,-122.633176,797050.5838,1113153.082,No site,,,
No Site,2020-06-30T14:22:07-07:00,47.47038771,-122.6533914,786624.569,1107869.208,"No culvert, no site",,,
No Site,2020-06-30T14:44:34-07:00,47.46513093,-122.6515552,784695.349,1108270.888,No site,,,
No Site,2020-06-30T14:51:31-07:00,47.45610923,-122.6569452,781442.107,1106848.123,Was already here. No site,,,
No Site,2020-07-07T13:09:51-07:00,47.47654392,-122.5508723,788193.7509,1133275.365,No site,,,
No Site,2020-07-07T13:10:07-07:00,47.47917349,-122.5546695,789177.0673,1132361.576,No site due to lack of downstream,,,
No Site,2020-07-07T13:10:27-07:00,47.48069916,-122.5557988,789740.6826,1132096.905,No site due to lack of downstream,,,
No Site,2020-07-07T13:11:00-07:00,47.48323876,-122.5629036,790712.6227,1130364.776,No site due to lack of downstream,,,
No Site,2020-07-07T13:20:52-07:00,47.46147626,-122.5638273,782782.8789,1129928.775,No site,,,
No Site,2020-07-08T12:42:19-07:00,47.49169537,-122.5451296,793681.9345,1134838.377,,,,
No Site,2020-07-13T12:24:25-07:00,47.50129241,-122.5854615,797442.5817,1124962.743,,,,
No Site,2020-08-04T14:13:08-07:00,47.65495602,-122.7675246,854716.6551,1081586.19,,,,
No Site,2020-08-19T12:58:16-07:00,47.65744461,-122.7788785,855704.7776,1078815.03,,,,
No Site,2020-08-26T14:28:15-07:00,47.87860101,-122.5726512,934959.3386,1131744.844,,,,
No Site,2020-08-27T14:15:30-07:00,47.83876406,-122.5557654,920321.4179,1135509.253,,,,
No Site,2020-08-27T14:26:01-07:00,47.84015991,-122.5498775,920792.8744,1136968.277,,,,
No Site,2020-09-01T14:16:56-07:00,47.86290078,-122.5413039,929032.4017,1139288.155,,,,
No Site,2020-09-01T14:25:40-07:00,47.85860823,-122.541183,927466.029,1139277.322,,,,
No Site,2020-09-01T14:33:50-07:00,47.85570074,-122.5412626,926406.1041,1139230.321,,,,
No Site,2020-09-01T14:42:04-07:00,47.85250889,-122.5413317,925242.3976,1139183.225,,,,
No Site,2020-09-28T14:45:44-07:00,47.75714845,-122.5356099,890426.7127,1139690.104,Logging road,,,
No Site,2020-10-06T14:28:47-07:00,47.78044024,-122.5818527,899218.1708,1128541.98,,,,
No Site,2020-10-07T11:53:07-07:00,47.76631904,-122.5619719,893939.6909,1133294.398,,,,
No Site ,2020-08-27T10:48:27-07:00,47.87300672,-122.5713323,932910.4567,1132014.849,,,,
No Site? Stream Crossing Mark,2020-08-19T15:03:38-07:00,47.63516785,-122.837314,848003.0408,1064177.693,Picture 3:04,,,
No Site. ,2020-07-13T14:07:06-07:00,47.49208833,-122.6052202,794216.0476,1119990.635,Sewer drain,,,
Outlet Completely Buried ,2020-08-27T11:37:36-07:00,47.85121132,-122.5698159,924951.4144,1132178.33,,,,
Placemark 6,2020-06-30T11:22:44-07:00,47.46330958,-122.5868562,783601.2654,1124251.587,Potential fish use... Private road?,,,
Placemark 7,2020-06-30T12:30:49-07:00,47.46885569,-122.5856018,785615.4324,1124615.266,0% pass ability,,,
No site,2020-06-30T14:21:42-07:00,47.46206619,-122.6311459,783440.7778,1113287.298,No site,,,
NFB,2020-07-07T14:21:13-07:00,47.48209697,-122.5245073,790050.2825,1139845.455,NFB,,,
NFB,2020-07-08T10:23:19-07:00,47.50623796,-122.5191999,798819.8973,1141382.87,NFB,,,
NFB,2020-07-08T10:31:15-07:00,47.5085764,-122.516605,799656.2319,1142045.853,NFB,,,
NFB,2020-07-08T10:31:51-07:00,47.50804123,-122.5191144,799476.9402,1141420.82,NFB,,,
NFB,2020-07-08T10:35:58-07:00,47.50823984,-122.5149762,799523.2148,1142445.156,NFB,,,
Private Driveway,2020-09-02T11:06:00-07:00,47.84449898,-122.5076481,922108.6832,1147377.797,,,,
Private Road,2020-07-13T13:00:38-07:00,47.49667687,-122.5924943,795805.5538,1123180.22,,,,
Private Road,2020-08-18T14:52:12-07:00,47.65804864,-122.7217912,855523.6733,1092885.941,,,,
Railroad Barrier To Upstream Sites,2020-08-12T10:58:37-07:00,47.63817522,-122.7082848,848183.095,1096010.576,"Large water surface drop at outlet on railroad culvert. 5 m drop. Round, pvc, 0.64.   Photo numbers 905, 906",,,
Railroad Property with Incredibly Long Pipe. Crosses Road And Railroad,2020-08-19T10:49:47-07:00,47.64463531,-122.7074013,850532.7485,1096294.281,Failed culvert with landslide detaching the outlet section from the rest of the pipe. Very Long with 2 m wsd. 0.61 size Round. PCC,,,
Railroad/ No Site,2020-08-19T10:46:55-07:00,47.64469494,-122.7063471,850547.2235,1096554.68,,,,
Ryan Did This,2020-07-08T11:44:31-07:00,47.51041454,-122.5136115,800307.6326,1142802.589,,,,
Total Barrier Due To Debris Rack And Underground Pipe,2020-08-12T11:05:38-07:00,47.63809208,-122.7089036,848157.0481,1095857.229,"Photo numbers 909, 910. Debris rack on outlet, underground pipe",,,
Under Construction For Fish Passage Improvement,2020-08-19T14:46:02-07:00,47.63848142,-122.8317821,849170.9515,1065576.853,,,,
Under Construction For Fish Passage Improvement ,2020-08-19T14:45:32-07:00,47.6404351,-122.8298132,849869.0113,1066083.145,,,,
Visit Later,2020-08-04T14:17:16-07:00,47.65481503,-122.7688942,854674.9494,1081247.272,,,,
"Stohlton Road Southeast, Harper, Kitsap County",2020-07-15T12:07:35-07:00,47.5107773,-122.5163707,800457.3385,1142124.255,Ryan did this,"Stohlton Road Southeast, Washington, 98386",5919220,tertiary
